﻿pos_x,pos_y,rotation,side,designator,mpn,pack,value,mount_type,place
178.15,-91.45,0.0,top,C2,,C_0603_1608Metric_Pad1.08x0.95mm_HandSolder,10uF,smt,True
167.68,-92.8125,180.0,top,J1,,SolderPad_01x04_1.5mm,Conn_01x04_Pin,smt,True
185.9,-88.7,-90.0,bottom,J2,,SolderPad_01x03_1.5mm,Conn_01x03_Pin,smt,True
166.13,-86.18,180.0,top,J3,,Molex_PicoBlade_53261-0571_1x05-1MP_P1.25mm_Horizontal,Conn_01x05,smt,True
177.38,-93.71,0.0,top,J4,,SolderPad_01x01_1.2mm,UPDI,smt,True
165.8,-90.805,180.0,top,J5,,SolderPad_01x02_1.5mm,Conn_01x02_Pin,smt,True
185.125,-93.05,90.0,top,J6,,SolderPad_01x02_1.5mm,Conn_01x02_Pin,smt,True
179.33,-86.18,180.0,top,J7,,Molex_PicoBlade_53261-0571_1x05-1MP_P1.25mm_Horizontal,Conn_01x05,smt,True
169.1,-85.44,180.0,bottom,J8,,SolderPad_01x03_1.5mm,Conn_01x03_Pin,smt,True
182.3875,-85.4375,180.0,bottom,J9,,SolderPad_01x03_1.5mm,Conn_01x03_Pin,smt,True
170.1625,-93.1,180.0,top,Q2,,SOT-23 SS8050,SS8050,smt,True
181.75,-93.1,0.0,top,Q3,,SOT-23 SS8050,SS8050,smt,True
170.4125,-90.65,180.0,top,R2,,R_0603_1608Metric_Pad0.98x0.95mm_HandSolder,300,smt,True
181.4875,-90.65,0.0,top,R3,,R_0603_1608Metric_Pad0.98x0.95mm_HandSolder,300,smt,True
174.3875,-92.0,180.0,top,U1,,VQFN-20-1EP_3x3mm_P0.4mm_EP1.7x1.7mm,ATtiny816-M,smt,True
