﻿designator,quantity,value,pack,mpn,mount_type
C2,1,1uF,C_0603_1608Metric_Pad1.08x0.95mm_HandSolder,,smt
J1,1,Conn_01x04_Pin,SolderPad_01x04_1.5mm,,smt
J2,1,Conn_01x03_Pin,SolderPad_01x03_1.5mm,,smt
"J3, J7",2,Conn_01x05,JST_GH_SM05B-GHS-TB_1x05-1MP_P1.25mm_Horizontal,,smt
J4,1,UPDI,SolderPad_01x01_1.2mm,,smt
"J5, J6",2,Conn_01x02_Pin,SolderPad_01x02_1.5mm,,smt
"Q2, Q3",2,SS8050,SOT-23 SS8050,,smt
"R2, R3",2,300,R_0603_1608Metric_Pad0.98x0.95mm_HandSolder,,smt
U1,1,ATtiny816-M,VQFN-20-1EP_3x3mm_P0.4mm_EP1.7x1.7mm,,smt
