﻿pos_x,pos_y,rotation,side,designator,mpn,pack,value,mount_type,place
181.4,-91.975,-90.0,top,C2,,C_0603_1608Metric_Pad1.08x0.95mm_HandSolder,1uF,smt,True
167.9625,-95.9375,0.0,top,J1,,SolderPad_01x04_1.5mm,Conn_01x04_Pin,smt,True
163.225,-89.9,-90.0,top,J2,,SolderPad_01x03_1.5mm,Conn_01x03_Pin,smt,True
168.575,-86.65,180.0,top,J3,,JST_GH_SM05B-GHS-TB_1x05-1MP_P1.25mm_Horizontal,Conn_01x05,smt,True
181.7,-94.975,0.0,top,J4,,SolderPad_01x01_1.2mm,UPDI,smt,True
166.53,-92.475,90.0,top,J5,,SolderPad_01x02_1.5mm,Conn_01x02_Pin,smt,True
183.425,-91.65,-90.0,top,J6,,SolderPad_01x02_1.5mm,Conn_01x02_Pin,smt,True
179.325,-86.65,180.0,top,J7,,JST_GH_SM05B-GHS-TB_1x05-1MP_P1.25mm_Horizontal,Conn_01x05,smt,True
170.675,-91.8125,90.0,top,Q2,,SOT-23 SS8050,SS8050,smt,True
174.125,-91.8125,90.0,top,Q3,,SOT-23 SS8050,SS8050,smt,True
168.2,-91.5375,-90.0,top,R2,,R_0603_1608Metric_Pad0.98x0.95mm_HandSolder,300,smt,True
178.7125,-95.3,180.0,top,R3,,R_0603_1608Metric_Pad0.98x0.95mm_HandSolder,300,smt,True
178.25,-91.975,180.0,top,U1,,VQFN-20-1EP_3x3mm_P0.4mm_EP1.7x1.7mm,ATtiny816-M,smt,True
